,symbol,probes,importance,enhancer,['MYCNA'],['MYCNA']_ratio,['MYCNA']_imp,['MYCNA']_imp_ratio,['MYCNA']_enha,['MYCNA']_enha_ratio,['4'],['4']_ratio,['4']_imp,['4']_imp_ratio,['4']_enha,['4']_enha_ratio,['4s'],['4s']_ratio,['4s']_imp,['4s']_imp_ratio,['4s']_enha,['4s']_enha_ratio,['other'],['other']_ratio,['other']_imp,['other']_imp_ratio,['other']_enha,['other']_enha_ratio,"['4', 'MYCNA']","['4', 'MYCNA']_ratio","['4', 'MYCNA']_imp","['4', 'MYCNA']_imp_ratio","['4', 'MYCNA']_enha","['4', 'MYCNA']_enha_ratio"
NR_026766,MYCNOS,41.0,27.0,8.0,22.0,0.5365853658536586,20.0,0.7407407407407407,7.0,0.875,0.0,0.0,0.0,0.0,0.0,0.0,0.0,0.0,0.0,0.0,0.0,0.0,1.0,0.024390243902439025,1.0,0.037037037037037035,0.0,0.0,2.0,0.04878048780487805,0.0,0.0,0.0,0.0
NM_001293233,MYCN,41.0,27.0,8.0,22.0,0.5365853658536586,20.0,0.7407407407407407,7.0,0.875,0.0,0.0,0.0,0.0,0.0,0.0,0.0,0.0,0.0,0.0,0.0,0.0,1.0,0.024390243902439025,1.0,0.037037037037037035,0.0,0.0,2.0,0.04878048780487805,0.0,0.0,0.0,0.0
NM_001293231,MYCN,41.0,27.0,8.0,22.0,0.5365853658536586,20.0,0.7407407407407407,7.0,0.875,0.0,0.0,0.0,0.0,0.0,0.0,0.0,0.0,0.0,0.0,0.0,0.0,1.0,0.024390243902439025,1.0,0.037037037037037035,0.0,0.0,2.0,0.04878048780487805,0.0,0.0,0.0,0.0
NM_001293228,MYCN,41.0,27.0,8.0,22.0,0.5365853658536586,20.0,0.7407407407407407,7.0,0.875,0.0,0.0,0.0,0.0,0.0,0.0,0.0,0.0,0.0,0.0,0.0,0.0,1.0,0.024390243902439025,1.0,0.037037037037037035,0.0,0.0,2.0,0.04878048780487805,0.0,0.0,0.0,0.0
NM_005378,MYCN,41.0,27.0,8.0,22.0,0.5365853658536586,20.0,0.7407407407407407,7.0,0.875,0.0,0.0,0.0,0.0,0.0,0.0,0.0,0.0,0.0,0.0,0.0,0.0,1.0,0.024390243902439025,1.0,0.037037037037037035,0.0,0.0,2.0,0.04878048780487805,0.0,0.0,0.0,0.0
NR_110230,MYCNOS,41.0,27.0,8.0,22.0,0.5365853658536586,20.0,0.7407407407407407,7.0,0.875,0.0,0.0,0.0,0.0,0.0,0.0,0.0,0.0,0.0,0.0,0.0,0.0,1.0,0.024390243902439025,1.0,0.037037037037037035,0.0,0.0,2.0,0.04878048780487805,0.0,0.0,0.0,0.0
NR_125783,MYCNUT,39.0,25.0,6.0,20.0,0.5128205128205128,18.0,0.72,5.0,0.8333333333333334,0.0,0.0,0.0,0.0,0.0,0.0,1.0,0.02564102564102564,0.0,0.0,0.0,0.0,1.0,0.02564102564102564,1.0,0.04,0.0,0.0,1.0,0.02564102564102564,0.0,0.0,0.0,0.0
NR_126559,GACAT3,22.0,14.0,7.0,12.0,0.5454545454545454,10.0,0.7142857142857143,5.0,0.7142857142857143,0.0,0.0,0.0,0.0,0.0,0.0,1.0,0.045454545454545456,0.0,0.0,0.0,0.0,0.0,0.0,0.0,0.0,0.0,0.0,1.0,0.045454545454545456,0.0,0.0,0.0,0.0
NR_110541,HORMAD2-AS1,18.0,10.0,1.0,4.0,0.2222222222222222,1.0,0.1,0.0,0.0,4.0,0.2222222222222222,1.0,0.1,0.0,0.0,11.0,0.6111111111111112,8.0,0.8,0.0,0.0,0.0,0.0,0.0,0.0,0.0,0.0,7.0,0.3888888888888889,7.0,0.7,0.0,0.0
NM_152510,HORMAD2,18.0,10.0,1.0,4.0,0.2222222222222222,1.0,0.1,0.0,0.0,4.0,0.2222222222222222,1.0,0.1,0.0,0.0,11.0,0.6111111111111112,8.0,0.8,0.0,0.0,0.0,0.0,0.0,0.0,0.0,0.0,7.0,0.3888888888888889,7.0,0.7,0.0,0.0
NR_106876,MIR6818,17.0,9.0,0.0,4.0,0.23529411764705882,1.0,0.1111111111111111,0.0,0.0,4.0,0.23529411764705882,1.0,0.1111111111111111,0.0,0.0,11.0,0.6470588235294118,8.0,0.8888888888888888,0.0,0.0,0.0,0.0,0.0,0.0,0.0,0.0,7.0,0.4117647058823529,7.0,0.7777777777777778,0.0,0.0
NM_001164257,PRR29,92.0,47.0,9.0,7.0,0.07608695652173914,2.0,0.0425531914893617,0.0,0.0,25.0,0.2717391304347826,18.0,0.3829787234042553,3.0,0.3333333333333333,23.0,0.25,17.0,0.3617021276595745,4.0,0.4444444444444444,2.0,0.021739130434782608,0.0,0.0,0.0,0.0,19.0,0.20652173913043478,14.0,0.2978723404255319,2.0,0.2222222222222222
NM_001191029,PRR29,92.0,47.0,9.0,7.0,0.07608695652173914,2.0,0.0425531914893617,0.0,0.0,25.0,0.2717391304347826,18.0,0.3829787234042553,3.0,0.3333333333333333,23.0,0.25,17.0,0.3617021276595745,4.0,0.4444444444444444,2.0,0.021739130434782608,0.0,0.0,0.0,0.0,19.0,0.20652173913043478,14.0,0.2978723404255319,2.0,0.2222222222222222
NM_001191030,PRR29,92.0,47.0,9.0,7.0,0.07608695652173914,2.0,0.0425531914893617,0.0,0.0,25.0,0.2717391304347826,18.0,0.3829787234042553,3.0,0.3333333333333333,23.0,0.25,17.0,0.3617021276595745,4.0,0.4444444444444444,2.0,0.021739130434782608,0.0,0.0,0.0,0.0,19.0,0.20652173913043478,14.0,0.2978723404255319,2.0,0.2222222222222222
NR_126169,PRR29-AS1,92.0,47.0,9.0,7.0,0.07608695652173914,2.0,0.0425531914893617,0.0,0.0,25.0,0.2717391304347826,18.0,0.3829787234042553,3.0,0.3333333333333333,23.0,0.25,17.0,0.3617021276595745,4.0,0.4444444444444444,2.0,0.021739130434782608,0.0,0.0,0.0,0.0,19.0,0.20652173913043478,14.0,0.2978723404255319,2.0,0.2222222222222222
NM_000873,ICAM2,92.0,47.0,9.0,7.0,0.07608695652173914,2.0,0.0425531914893617,0.0,0.0,25.0,0.2717391304347826,18.0,0.3829787234042553,3.0,0.3333333333333333,23.0,0.25,17.0,0.3617021276595745,4.0,0.4444444444444444,2.0,0.021739130434782608,0.0,0.0,0.0,0.0,19.0,0.20652173913043478,14.0,0.2978723404255319,2.0,0.2222222222222222
NM_001191031,PRR29,92.0,47.0,9.0,7.0,0.07608695652173914,2.0,0.0425531914893617,0.0,0.0,25.0,0.2717391304347826,18.0,0.3829787234042553,3.0,0.3333333333333333,23.0,0.25,17.0,0.3617021276595745,4.0,0.4444444444444444,2.0,0.021739130434782608,0.0,0.0,0.0,0.0,19.0,0.20652173913043478,14.0,0.2978723404255319,2.0,0.2222222222222222
NM_001099789,ICAM2,77.0,38.0,9.0,7.0,0.09090909090909091,2.0,0.05263157894736842,0.0,0.0,20.0,0.2597402597402597,14.0,0.3684210526315789,3.0,0.3333333333333333,18.0,0.23376623376623376,13.0,0.34210526315789475,4.0,0.4444444444444444,2.0,0.025974025974025976,0.0,0.0,0.0,0.0,19.0,0.24675324675324675,14.0,0.3684210526315789,2.0,0.2222222222222222
NM_001099788,ICAM2,77.0,38.0,9.0,7.0,0.09090909090909091,2.0,0.05263157894736842,0.0,0.0,20.0,0.2597402597402597,14.0,0.3684210526315789,3.0,0.3333333333333333,18.0,0.23376623376623376,13.0,0.34210526315789475,4.0,0.4444444444444444,2.0,0.025974025974025976,0.0,0.0,0.0,0.0,19.0,0.24675324675324675,14.0,0.3684210526315789,2.0,0.2222222222222222
NM_001099787,ICAM2,77.0,38.0,9.0,7.0,0.09090909090909091,2.0,0.05263157894736842,0.0,0.0,20.0,0.2597402597402597,14.0,0.3684210526315789,3.0,0.3333333333333333,18.0,0.23376623376623376,13.0,0.34210526315789475,4.0,0.4444444444444444,2.0,0.025974025974025976,0.0,0.0,0.0,0.0,19.0,0.24675324675324675,14.0,0.3684210526315789,2.0,0.2222222222222222
NM_001099786,ICAM2,77.0,38.0,9.0,7.0,0.09090909090909091,2.0,0.05263157894736842,0.0,0.0,20.0,0.2597402597402597,14.0,0.3684210526315789,3.0,0.3333333333333333,18.0,0.23376623376623376,13.0,0.34210526315789475,4.0,0.4444444444444444,2.0,0.025974025974025976,0.0,0.0,0.0,0.0,19.0,0.24675324675324675,14.0,0.3684210526315789,2.0,0.2222222222222222
NM_000334,SCN4A,105.0,51.0,10.0,7.0,0.06666666666666667,2.0,0.0392156862745098,0.0,0.0,28.0,0.26666666666666666,20.0,0.39215686274509803,3.0,0.3,26.0,0.24761904761904763,19.0,0.37254901960784315,5.0,0.5,2.0,0.01904761904761905,0.0,0.0,0.0,0.0,20.0,0.19047619047619047,14.0,0.27450980392156865,2.0,0.2
NM_014229,SLC6A11,31.0,13.0,1.0,0.0,0.0,0.0,0.0,0.0,0.0,2.0,0.06451612903225806,1.0,0.07692307692307693,1.0,1.0,12.0,0.3870967741935484,9.0,0.6923076923076923,1.0,1.0,0.0,0.0,0.0,0.0,0.0,0.0,11.0,0.3548387096774194,11.0,0.8461538461538461,0.0,0.0
NM_001317406,SLC6A11,31.0,13.0,1.0,0.0,0.0,0.0,0.0,0.0,0.0,2.0,0.06451612903225806,1.0,0.07692307692307693,1.0,1.0,12.0,0.3870967741935484,9.0,0.6923076923076923,1.0,1.0,0.0,0.0,0.0,0.0,0.0,0.0,11.0,0.3548387096774194,11.0,0.8461538461538461,0.0,0.0
NM_005408,CCL13,36.0,15.0,2.0,2.0,0.05555555555555555,0.0,0.0,0.0,0.0,15.0,0.4166666666666667,11.0,0.7333333333333333,2.0,1.0,15.0,0.4166666666666667,11.0,0.7333333333333333,1.0,0.5,0.0,0.0,0.0,0.0,0.0,0.0,1.0,0.027777777777777776,0.0,0.0,0.0,0.0
NM_002981,CCL1,36.0,15.0,2.0,2.0,0.05555555555555555,0.0,0.0,0.0,0.0,15.0,0.4166666666666667,11.0,0.7333333333333333,2.0,1.0,15.0,0.4166666666666667,11.0,0.7333333333333333,1.0,0.5,0.0,0.0,0.0,0.0,0.0,0.0,1.0,0.027777777777777776,0.0,0.0,0.0,0.0
NM_001098668,SFTPA2,17.0,7.0,0.0,1.0,0.058823529411764705,0.0,0.0,0.0,0.0,1.0,0.058823529411764705,0.0,0.0,0.0,0.0,5.0,0.29411764705882354,3.0,0.42857142857142855,0.0,0.0,0.0,0.0,0.0,0.0,0.0,0.0,12.0,0.7058823529411765,7.0,1.0,0.0,0.0
NM_001171174,CX3CR1,42.0,17.0,2.0,3.0,0.07142857142857142,2.0,0.11764705882352941,0.0,0.0,10.0,0.23809523809523808,7.0,0.4117647058823529,2.0,1.0,15.0,0.35714285714285715,9.0,0.5294117647058824,2.0,1.0,2.0,0.047619047619047616,0.0,0.0,0.0,0.0,4.0,0.09523809523809523,4.0,0.23529411764705882,0.0,0.0
NM_001171171,CX3CR1,42.0,17.0,2.0,3.0,0.07142857142857142,2.0,0.11764705882352941,0.0,0.0,10.0,0.23809523809523808,7.0,0.4117647058823529,2.0,1.0,15.0,0.35714285714285715,9.0,0.5294117647058824,2.0,1.0,2.0,0.047619047619047616,0.0,0.0,0.0,0.0,4.0,0.09523809523809523,4.0,0.23529411764705882,0.0,0.0
NM_005928,MFGE8,58.0,23.0,10.0,0.0,0.0,0.0,0.0,0.0,0.0,16.0,0.27586206896551724,8.0,0.34782608695652173,4.0,0.4,14.0,0.2413793103448276,11.0,0.4782608695652174,3.0,0.3,0.0,0.0,0.0,0.0,0.0,0.0,9.0,0.15517241379310345,6.0,0.2608695652173913,5.0,0.5
NM_001310320,MFGE8,58.0,23.0,10.0,0.0,0.0,0.0,0.0,0.0,0.0,16.0,0.27586206896551724,8.0,0.34782608695652173,4.0,0.4,14.0,0.2413793103448276,11.0,0.4782608695652174,3.0,0.3,0.0,0.0,0.0,0.0,0.0,0.0,9.0,0.15517241379310345,6.0,0.2608695652173913,5.0,0.5
NM_001114614,MFGE8,58.0,23.0,10.0,0.0,0.0,0.0,0.0,0.0,0.0,16.0,0.27586206896551724,8.0,0.34782608695652173,4.0,0.4,14.0,0.2413793103448276,11.0,0.4782608695652174,3.0,0.3,0.0,0.0,0.0,0.0,0.0,0.0,9.0,0.15517241379310345,6.0,0.2608695652173913,5.0,0.5
NM_001310321,MFGE8,58.0,23.0,10.0,0.0,0.0,0.0,0.0,0.0,0.0,16.0,0.27586206896551724,8.0,0.34782608695652173,4.0,0.4,14.0,0.2413793103448276,11.0,0.4782608695652174,3.0,0.3,0.0,0.0,0.0,0.0,0.0,0.0,9.0,0.15517241379310345,6.0,0.2608695652173913,5.0,0.5
NM_001310319,MFGE8,58.0,23.0,10.0,0.0,0.0,0.0,0.0,0.0,0.0,16.0,0.27586206896551724,8.0,0.34782608695652173,4.0,0.4,14.0,0.2413793103448276,11.0,0.4782608695652174,3.0,0.3,0.0,0.0,0.0,0.0,0.0,0.0,9.0,0.15517241379310345,6.0,0.2608695652173913,5.0,0.5
NM_175078,KRT77,62.0,24.0,1.0,0.0,0.0,0.0,0.0,0.0,0.0,13.0,0.20967741935483872,4.0,0.16666666666666666,1.0,1.0,35.0,0.5645161290322581,17.0,0.7083333333333334,1.0,1.0,0.0,0.0,0.0,0.0,0.0,0.0,0.0,0.0,0.0,0.0,0.0,0.0
NM_001135,ACAN,62.0,24.0,9.0,5.0,0.08064516129032258,2.0,0.08333333333333333,1.0,0.1111111111111111,13.0,0.20967741935483872,7.0,0.2916666666666667,3.0,0.3333333333333333,20.0,0.3225806451612903,16.0,0.6666666666666666,6.0,0.6666666666666666,1.0,0.016129032258064516,1.0,0.041666666666666664,0.0,0.0,8.0,0.12903225806451613,5.0,0.20833333333333334,3.0,0.3333333333333333
NM_013227,ACAN,62.0,24.0,9.0,5.0,0.08064516129032258,2.0,0.08333333333333333,1.0,0.1111111111111111,13.0,0.20967741935483872,7.0,0.2916666666666667,3.0,0.3333333333333333,20.0,0.3225806451612903,16.0,0.6666666666666666,6.0,0.6666666666666666,1.0,0.016129032258064516,1.0,0.041666666666666664,0.0,0.0,8.0,0.12903225806451613,5.0,0.20833333333333334,3.0,0.3333333333333333
NM_001010939,LIPJ,26.0,10.0,1.0,1.0,0.038461538461538464,0.0,0.0,0.0,0.0,2.0,0.07692307692307693,0.0,0.0,0.0,0.0,0.0,0.0,0.0,0.0,0.0,0.0,0.0,0.0,0.0,0.0,0.0,0.0,2.0,0.07692307692307693,0.0,0.0,0.0,0.0
NM_018363,RNLS,26.0,10.0,1.0,1.0,0.038461538461538464,0.0,0.0,0.0,0.0,2.0,0.07692307692307693,0.0,0.0,0.0,0.0,0.0,0.0,0.0,0.0,0.0,0.0,0.0,0.0,0.0,0.0,0.0,0.0,2.0,0.07692307692307693,0.0,0.0,0.0,0.0
NM_017667,VPS50,26.0,10.0,0.0,1.0,0.038461538461538464,1.0,0.1,0.0,0.0,0.0,0.0,0.0,0.0,0.0,0.0,0.0,0.0,0.0,0.0,0.0,0.0,8.0,0.3076923076923077,0.0,0.0,0.0,0.0,0.0,0.0,0.0,0.0,0.0,0.0
NM_001031709,RNLS,26.0,10.0,1.0,1.0,0.038461538461538464,0.0,0.0,0.0,0.0,2.0,0.07692307692307693,0.0,0.0,0.0,0.0,0.0,0.0,0.0,0.0,0.0,0.0,0.0,0.0,0.0,0.0,0.0,0.0,2.0,0.07692307692307693,0.0,0.0,0.0,0.0
NM_024553,VPS50,26.0,10.0,0.0,1.0,0.038461538461538464,1.0,0.1,0.0,0.0,0.0,0.0,0.0,0.0,0.0,0.0,0.0,0.0,0.0,0.0,0.0,0.0,8.0,0.3076923076923077,0.0,0.0,0.0,0.0,0.0,0.0,0.0,0.0,0.0,0.0
NM_001257998,VPS50,26.0,10.0,0.0,1.0,0.038461538461538464,1.0,0.1,0.0,0.0,0.0,0.0,0.0,0.0,0.0,0.0,0.0,0.0,0.0,0.0,0.0,0.0,8.0,0.3076923076923077,0.0,0.0,0.0,0.0,0.0,0.0,0.0,0.0,0.0,0.0
NM_002986,CCL11,47.0,18.0,5.0,2.0,0.0425531914893617,0.0,0.0,0.0,0.0,16.0,0.3404255319148936,11.0,0.6111111111111112,2.0,0.4,17.0,0.3617021276595745,11.0,0.6111111111111112,1.0,0.2,0.0,0.0,0.0,0.0,0.0,0.0,4.0,0.0851063829787234,2.0,0.1111111111111111,2.0,0.4
NM_001039933,CD79B,131.0,50.0,10.0,8.0,0.061068702290076333,2.0,0.04,0.0,0.0,28.0,0.21374045801526717,18.0,0.36,3.0,0.3,27.0,0.20610687022900764,19.0,0.38,5.0,0.5,5.0,0.03816793893129771,0.0,0.0,0.0,0.0,18.0,0.13740458015267176,14.0,0.28,2.0,0.2
NM_021602,CD79B,131.0,50.0,10.0,8.0,0.061068702290076333,2.0,0.04,0.0,0.0,28.0,0.21374045801526717,18.0,0.36,3.0,0.3,27.0,0.20610687022900764,19.0,0.38,5.0,0.5,5.0,0.03816793893129771,0.0,0.0,0.0,0.0,18.0,0.13740458015267176,14.0,0.28,2.0,0.2
NM_000626,CD79B,131.0,50.0,10.0,8.0,0.061068702290076333,2.0,0.04,0.0,0.0,28.0,0.21374045801526717,18.0,0.36,3.0,0.3,27.0,0.20610687022900764,19.0,0.38,5.0,0.5,5.0,0.03816793893129771,0.0,0.0,0.0,0.0,18.0,0.13740458015267176,14.0,0.28,2.0,0.2
NR_038941,LOC100128531,37.0,14.0,2.0,1.0,0.02702702702702703,1.0,0.07142857142857142,0.0,0.0,12.0,0.32432432432432434,7.0,0.5,1.0,0.5,4.0,0.10810810810810811,4.0,0.2857142857142857,1.0,0.5,1.0,0.02702702702702703,0.0,0.0,0.0,0.0,11.0,0.2972972972972973,6.0,0.42857142857142855,1.0,0.5
NM_015848,KRT76,77.0,29.0,2.0,0.0,0.0,0.0,0.0,0.0,0.0,20.0,0.2597402597402597,9.0,0.3103448275862069,2.0,1.0,46.0,0.5974025974025974,25.0,0.8620689655172413,2.0,1.0,0.0,0.0,0.0,0.0,0.0,0.0,0.0,0.0,0.0,0.0,0.0,0.0
NM_005623,CCL8,48.0,18.0,5.0,3.0,0.0625,0.0,0.0,0.0,0.0,16.0,0.3333333333333333,11.0,0.6111111111111112,2.0,0.4,17.0,0.3541666666666667,11.0,0.6111111111111112,1.0,0.2,0.0,0.0,0.0,0.0,0.0,0.0,4.0,0.08333333333333333,2.0,0.1111111111111111,2.0,0.4
NM_152512,ENTHD1,16.0,6.0,0.0,1.0,0.0625,1.0,0.16666666666666666,0.0,0.0,8.0,0.5,5.0,0.8333333333333334,0.0,0.0,0.0,0.0,0.0,0.0,0.0,0.0,0.0,0.0,0.0,0.0,0.0,0.0,0.0,0.0,0.0,0.0,0.0,0.0
NR_110201,LOC101926966,27.0,10.0,3.0,0.0,0.0,0.0,0.0,0.0,0.0,0.0,0.0,0.0,0.0,0.0,0.0,2.0,0.07407407407407407,0.0,0.0,0.0,0.0,0.0,0.0,0.0,0.0,0.0,0.0,0.0,0.0,0.0,0.0,0.0,0.0
NM_198151,HEPACAM2,27.0,10.0,0.0,2.0,0.07407407407407407,1.0,0.1,0.0,0.0,0.0,0.0,0.0,0.0,0.0,0.0,0.0,0.0,0.0,0.0,0.0,0.0,8.0,0.2962962962962963,0.0,0.0,0.0,0.0,0.0,0.0,0.0,0.0,0.0,0.0
NM_001288804,HEPACAM2,27.0,10.0,0.0,2.0,0.07407407407407407,1.0,0.1,0.0,0.0,0.0,0.0,0.0,0.0,0.0,0.0,0.0,0.0,0.0,0.0,0.0,0.0,8.0,0.2962962962962963,0.0,0.0,0.0,0.0,0.0,0.0,0.0,0.0,0.0,0.0
NM_001288810,HEPACAM2,27.0,10.0,0.0,2.0,0.07407407407407407,1.0,0.1,0.0,0.0,0.0,0.0,0.0,0.0,0.0,0.0,0.0,0.0,0.0,0.0,0.0,0.0,8.0,0.2962962962962963,0.0,0.0,0.0,0.0,0.0,0.0,0.0,0.0,0.0,0.0
NM_001039372,HEPACAM2,27.0,10.0,0.0,2.0,0.07407407407407407,1.0,0.1,0.0,0.0,0.0,0.0,0.0,0.0,0.0,0.0,0.0,0.0,0.0,0.0,0.0,0.0,8.0,0.2962962962962963,0.0,0.0,0.0,0.0,0.0,0.0,0.0,0.0,0.0,0.0
NM_057088,KRT3,73.0,27.0,3.0,0.0,0.0,0.0,0.0,0.0,0.0,20.0,0.273972602739726,10.0,0.37037037037037035,3.0,1.0,42.0,0.5753424657534246,23.0,0.8518518518518519,2.0,0.6666666666666666,0.0,0.0,0.0,0.0,0.0,0.0,1.0,0.0136986301369863,0.0,0.0,0.0,0.0
NR_027293,BMS1P20,19.0,7.0,0.0,0.0,0.0,0.0,0.0,0.0,0.0,7.0,0.3684210526315789,6.0,0.8571428571428571,0.0,0.0,9.0,0.47368421052631576,5.0,0.7142857142857143,0.0,0.0,1.0,0.05263157894736842,0.0,0.0,0.0,0.0,1.0,0.05263157894736842,1.0,0.14285714285714285,0.0,0.0
NM_001337,CX3CR1,47.0,17.0,2.0,3.0,0.06382978723404255,2.0,0.11764705882352941,0.0,0.0,11.0,0.23404255319148937,7.0,0.4117647058823529,2.0,1.0,14.0,0.2978723404255319,9.0,0.5294117647058824,2.0,1.0,2.0,0.0425531914893617,0.0,0.0,0.0,0.0,4.0,0.0851063829787234,4.0,0.23529411764705882,0.0,0.0
NM_004810,GRAP2,25.0,9.0,0.0,1.0,0.04,1.0,0.1111111111111111,0.0,0.0,8.0,0.32,5.0,0.5555555555555556,0.0,0.0,4.0,0.16,3.0,0.3333333333333333,0.0,0.0,0.0,0.0,0.0,0.0,0.0,0.0,1.0,0.04,0.0,0.0,0.0,0.0
NM_006273,CCL7,50.0,18.0,5.0,2.0,0.04,0.0,0.0,0.0,0.0,16.0,0.32,11.0,0.6111111111111112,2.0,0.4,17.0,0.34,11.0,0.6111111111111112,1.0,0.2,0.0,0.0,0.0,0.0,0.0,0.0,4.0,0.08,2.0,0.1111111111111111,2.0,0.4
NM_020186,SDHAF3,75.0,27.0,4.0,6.0,0.08,3.0,0.1111111111111111,2.0,0.5,7.0,0.09333333333333334,2.0,0.07407407407407407,0.0,0.0,3.0,0.04,1.0,0.037037037037037035,1.0,0.25,2.0,0.02666666666666667,0.0,0.0,0.0,0.0,2.0,0.02666666666666667,0.0,0.0,0.0,0.0
NM_001300814,KRT78,89.0,32.0,6.0,0.0,0.0,0.0,0.0,0.0,0.0,20.0,0.2247191011235955,10.0,0.3125,3.0,0.5,53.0,0.5955056179775281,27.0,0.84375,4.0,0.6666666666666666,0.0,0.0,0.0,0.0,0.0,0.0,2.0,0.02247191011235955,0.0,0.0,0.0,0.0
NM_004540,NCAM2,14.0,5.0,0.0,1.0,0.07142857142857142,0.0,0.0,0.0,0.0,1.0,0.07142857142857142,0.0,0.0,0.0,0.0,1.0,0.07142857142857142,0.0,0.0,0.0,0.0,1.0,0.07142857142857142,0.0,0.0,0.0,0.0,0.0,0.0,0.0,0.0,0.0,0.0
NM_001171172,CX3CR1,48.0,17.0,2.0,3.0,0.0625,2.0,0.11764705882352941,0.0,0.0,11.0,0.22916666666666666,7.0,0.4117647058823529,2.0,1.0,15.0,0.3125,9.0,0.5294117647058824,2.0,1.0,2.0,0.041666666666666664,0.0,0.0,0.0,0.0,4.0,0.08333333333333333,4.0,0.23529411764705882,0.0,0.0
NR_027102,LINC00606,34.0,12.0,1.0,0.0,0.0,0.0,0.0,0.0,0.0,2.0,0.058823529411764705,1.0,0.08333333333333333,1.0,1.0,12.0,0.35294117647058826,8.0,0.6666666666666666,1.0,1.0,0.0,0.0,0.0,0.0,0.0,0.0,11.0,0.3235294117647059,10.0,0.8333333333333334,0.0,0.0
NM_000515,GH1,142.0,50.0,10.0,7.0,0.04929577464788732,2.0,0.04,0.0,0.0,29.0,0.20422535211267606,18.0,0.36,3.0,0.3,29.0,0.20422535211267606,19.0,0.38,5.0,0.5,7.0,0.04929577464788732,0.0,0.0,0.0,0.0,18.0,0.1267605633802817,14.0,0.28,2.0,0.2
NM_022560,GH1,142.0,50.0,10.0,7.0,0.04929577464788732,2.0,0.04,0.0,0.0,29.0,0.20422535211267606,18.0,0.36,3.0,0.3,29.0,0.20422535211267606,19.0,0.38,5.0,0.5,7.0,0.04929577464788732,0.0,0.0,0.0,0.0,18.0,0.1267605633802817,14.0,0.28,2.0,0.2
NM_022559,GH1,142.0,50.0,10.0,7.0,0.04929577464788732,2.0,0.04,0.0,0.0,29.0,0.20422535211267606,18.0,0.36,3.0,0.3,29.0,0.20422535211267606,19.0,0.38,5.0,0.5,7.0,0.04929577464788732,0.0,0.0,0.0,0.0,18.0,0.1267605633802817,14.0,0.28,2.0,0.2
NM_175834,KRT79,84.0,29.0,4.0,0.0,0.0,0.0,0.0,0.0,0.0,19.0,0.2261904761904762,10.0,0.3448275862068966,3.0,0.75,50.0,0.5952380952380952,24.0,0.8275862068965517,2.0,0.5,0.0,0.0,0.0,0.0,0.0,0.0,2.0,0.023809523809523808,0.0,0.0,0.0,0.0
NM_001146182,KRTAP16-1,64.0,22.0,0.0,12.0,0.1875,7.0,0.3181818181818182,0.0,0.0,22.0,0.34375,7.0,0.3181818181818182,0.0,0.0,0.0,0.0,0.0,0.0,0.0,0.0,0.0,0.0,0.0,0.0,0.0,0.0,0.0,0.0,0.0,0.0,0.0,0.0
NM_005585,SMAD6,70.0,24.0,15.0,7.0,0.1,1.0,0.041666666666666664,1.0,0.06666666666666667,7.0,0.1,3.0,0.125,1.0,0.06666666666666667,10.0,0.14285714285714285,6.0,0.25,3.0,0.2,3.0,0.04285714285714286,0.0,0.0,0.0,0.0,24.0,0.34285714285714286,18.0,0.75,12.0,0.8
NR_027654,SMAD6,70.0,24.0,15.0,7.0,0.1,1.0,0.041666666666666664,1.0,0.06666666666666667,7.0,0.1,3.0,0.125,1.0,0.06666666666666667,10.0,0.14285714285714285,6.0,0.25,3.0,0.2,3.0,0.04285714285714286,0.0,0.0,0.0,0.0,24.0,0.34285714285714286,18.0,0.75,12.0,0.8
NM_001318,CSHL1,146.0,50.0,10.0,7.0,0.04794520547945205,2.0,0.04,0.0,0.0,29.0,0.19863013698630136,18.0,0.36,3.0,0.3,30.0,0.2054794520547945,19.0,0.38,5.0,0.5,7.0,0.04794520547945205,0.0,0.0,0.0,0.0,18.0,0.1232876712328767,14.0,0.28,2.0,0.2
NM_022581,CSHL1,146.0,50.0,10.0,7.0,0.04794520547945205,2.0,0.04,0.0,0.0,29.0,0.19863013698630136,18.0,0.36,3.0,0.3,30.0,0.2054794520547945,19.0,0.38,5.0,0.5,7.0,0.04794520547945205,0.0,0.0,0.0,0.0,18.0,0.1232876712328767,14.0,0.28,2.0,0.2
NM_022580,CSHL1,146.0,50.0,10.0,7.0,0.04794520547945205,2.0,0.04,0.0,0.0,29.0,0.19863013698630136,18.0,0.36,3.0,0.3,30.0,0.2054794520547945,19.0,0.38,5.0,0.5,7.0,0.04794520547945205,0.0,0.0,0.0,0.0,18.0,0.1232876712328767,14.0,0.28,2.0,0.2
NM_022579,CSHL1,146.0,50.0,10.0,7.0,0.04794520547945205,2.0,0.04,0.0,0.0,29.0,0.19863013698630136,18.0,0.36,3.0,0.3,30.0,0.2054794520547945,19.0,0.38,5.0,0.5,7.0,0.04794520547945205,0.0,0.0,0.0,0.0,18.0,0.1232876712328767,14.0,0.28,2.0,0.2
NM_000395,CSF2RB,44.0,15.0,2.0,4.0,0.09090909090909091,1.0,0.06666666666666667,0.0,0.0,10.0,0.22727272727272727,6.0,0.4,1.0,0.5,12.0,0.2727272727272727,6.0,0.4,2.0,1.0,1.0,0.022727272727272728,0.0,0.0,0.0,0.0,6.0,0.13636363636363635,3.0,0.2,0.0,0.0
NM_031964,KRTAP17-1,65.0,22.0,0.0,12.0,0.18461538461538463,7.0,0.3181818181818182,0.0,0.0,22.0,0.3384615384615385,7.0,0.3181818181818182,0.0,0.0,0.0,0.0,0.0,0.0,0.0,0.0,0.0,0.0,0.0,0.0,0.0,0.0,0.0,0.0,0.0,0.0,0.0,0.0
NM_001257309,KRTAP29-1,65.0,22.0,0.0,12.0,0.18461538461538463,7.0,0.3181818181818182,0.0,0.0,23.0,0.35384615384615387,7.0,0.3181818181818182,0.0,0.0,0.0,0.0,0.0,0.0,0.0,0.0,0.0,0.0,0.0,0.0,0.0,0.0,0.0,0.0,0.0,0.0,0.0,0.0
NM_007128,VPREB1,18.0,6.0,0.0,0.0,0.0,0.0,0.0,0.0,0.0,6.0,0.3333333333333333,5.0,0.8333333333333334,0.0,0.0,8.0,0.4444444444444444,4.0,0.6666666666666666,0.0,0.0,1.0,0.05555555555555555,0.0,0.0,0.0,0.0,1.0,0.05555555555555555,1.0,0.16666666666666666,0.0,0.0
NM_001198828,LIPF,27.0,9.0,0.0,3.0,0.1111111111111111,0.0,0.0,0.0,0.0,2.0,0.07407407407407407,0.0,0.0,0.0,0.0,1.0,0.037037037037037035,0.0,0.0,0.0,0.0,0.0,0.0,0.0,0.0,0.0,0.0,3.0,0.1111111111111111,0.0,0.0,0.0,0.0
NM_001198829,LIPF,27.0,9.0,0.0,3.0,0.1111111111111111,0.0,0.0,0.0,0.0,2.0,0.07407407407407407,0.0,0.0,0.0,0.0,1.0,0.037037037037037035,0.0,0.0,0.0,0.0,0.0,0.0,0.0,0.0,0.0,0.0,3.0,0.1111111111111111,0.0,0.0,0.0,0.0
NM_001198830,LIPF,27.0,9.0,0.0,3.0,0.1111111111111111,0.0,0.0,0.0,0.0,2.0,0.07407407407407407,0.0,0.0,0.0,0.0,1.0,0.037037037037037035,0.0,0.0,0.0,0.0,0.0,0.0,0.0,0.0,0.0,0.0,3.0,0.1111111111111111,0.0,0.0,0.0,0.0
NM_001307952,HAPLN3,66.0,22.0,8.0,1.0,0.015151515151515152,0.0,0.0,0.0,0.0,15.0,0.22727272727272727,7.0,0.3181818181818182,3.0,0.375,17.0,0.25757575757575757,12.0,0.5454545454545454,3.0,0.375,0.0,0.0,0.0,0.0,0.0,0.0,8.0,0.12121212121212122,5.0,0.22727272727272727,4.0,0.5
NM_001303509,VPREB1,18.0,6.0,0.0,0.0,0.0,0.0,0.0,0.0,0.0,6.0,0.3333333333333333,5.0,0.8333333333333334,0.0,0.0,8.0,0.4444444444444444,4.0,0.6666666666666666,0.0,0.0,1.0,0.05555555555555555,0.0,0.0,0.0,0.0,1.0,0.05555555555555555,1.0,0.16666666666666666,0.0,0.0
NM_004190,LIPF,27.0,9.0,0.0,3.0,0.1111111111111111,0.0,0.0,0.0,0.0,2.0,0.07407407407407407,0.0,0.0,0.0,0.0,1.0,0.037037037037037035,0.0,0.0,0.0,0.0,0.0,0.0,0.0,0.0,0.0,0.0,3.0,0.1111111111111111,0.0,0.0,0.0,0.0
NM_173352,KRT78,96.0,32.0,6.0,0.0,0.0,0.0,0.0,0.0,0.0,21.0,0.21875,10.0,0.3125,3.0,0.5,52.0,0.5416666666666666,27.0,0.84375,4.0,0.6666666666666666,1.0,0.010416666666666666,0.0,0.0,0.0,0.0,2.0,0.020833333333333332,0.0,0.0,0.0,0.0
NM_178232,HAPLN3,66.0,22.0,8.0,1.0,0.015151515151515152,0.0,0.0,0.0,0.0,15.0,0.22727272727272727,7.0,0.3181818181818182,3.0,0.375,17.0,0.25757575757575757,12.0,0.5454545454545454,3.0,0.375,0.0,0.0,0.0,0.0,0.0,0.0,8.0,0.12121212121212122,5.0,0.22727272727272727,4.0,0.5
NM_006121,KRT1,61.0,20.0,0.0,0.0,0.0,0.0,0.0,0.0,0.0,13.0,0.21311475409836064,3.0,0.15,0.0,0.0,30.0,0.4918032786885246,13.0,0.65,0.0,0.0,0.0,0.0,0.0,0.0,0.0,0.0,0.0,0.0,0.0,0.0,0.0,0.0
NM_152745,NXPH1,40.0,13.0,0.0,9.0,0.225,6.0,0.46153846153846156,0.0,0.0,1.0,0.025,0.0,0.0,0.0,0.0,1.0,0.025,0.0,0.0,0.0,0.0,0.0,0.0,0.0,0.0,0.0,0.0,0.0,0.0,0.0,0.0,0.0,0.0
NM_002279,KRT33B,77.0,25.0,1.0,7.0,0.09090909090909091,4.0,0.16,1.0,1.0,26.0,0.33766233766233766,9.0,0.36,0.0,0.0,0.0,0.0,0.0,0.0,0.0,0.0,2.0,0.025974025974025976,0.0,0.0,0.0,0.0,0.0,0.0,0.0,0.0,0.0,0.0
NM_004138,KRT33A,71.0,23.0,0.0,7.0,0.09859154929577464,3.0,0.13043478260869565,0.0,0.0,24.0,0.3380281690140845,8.0,0.34782608695652173,0.0,0.0,0.0,0.0,0.0,0.0,0.0,0.0,0.0,0.0,0.0,0.0,0.0,0.0,0.0,0.0,0.0,0.0,0.0,0.0
NM_001303500,SAMD9L,34.0,11.0,0.0,4.0,0.11764705882352941,2.0,0.18181818181818182,0.0,0.0,1.0,0.029411764705882353,1.0,0.09090909090909091,0.0,0.0,0.0,0.0,0.0,0.0,0.0,0.0,8.0,0.23529411764705882,0.0,0.0,0.0,0.0,0.0,0.0,0.0,0.0,0.0,0.0
NM_032528,ST6GAL2,34.0,11.0,4.0,1.0,0.029411764705882353,0.0,0.0,0.0,0.0,0.0,0.0,0.0,0.0,0.0,0.0,1.0,0.029411764705882353,0.0,0.0,0.0,0.0,3.0,0.08823529411764706,0.0,0.0,0.0,0.0,0.0,0.0,0.0,0.0,0.0,0.0
NM_152703,SAMD9L,34.0,11.0,0.0,4.0,0.11764705882352941,2.0,0.18181818181818182,0.0,0.0,1.0,0.029411764705882353,1.0,0.09090909090909091,0.0,0.0,0.0,0.0,0.0,0.0,0.0,0.0,8.0,0.23529411764705882,0.0,0.0,0.0,0.0,0.0,0.0,0.0,0.0,0.0,0.0
NM_001142351,ST6GAL2,34.0,11.0,4.0,1.0,0.029411764705882353,0.0,0.0,0.0,0.0,0.0,0.0,0.0,0.0,0.0,0.0,1.0,0.029411764705882353,0.0,0.0,0.0,0.0,3.0,0.08823529411764706,0.0,0.0,0.0,0.0,0.0,0.0,0.0,0.0,0.0,0.0
NM_001142352,ST6GAL2,34.0,11.0,4.0,1.0,0.029411764705882353,0.0,0.0,0.0,0.0,0.0,0.0,0.0,0.0,0.0,0.0,1.0,0.029411764705882353,0.0,0.0,0.0,0.0,3.0,0.08823529411764706,0.0,0.0,0.0,0.0,0.0,0.0,0.0,0.0,0.0,0.0
NM_001303497,SAMD9L,34.0,11.0,0.0,4.0,0.11764705882352941,2.0,0.18181818181818182,0.0,0.0,1.0,0.029411764705882353,1.0,0.09090909090909091,0.0,0.0,0.0,0.0,0.0,0.0,0.0,0.0,8.0,0.23529411764705882,0.0,0.0,0.0,0.0,0.0,0.0,0.0,0.0,0.0,0.0
NM_001303498,SAMD9L,34.0,11.0,0.0,4.0,0.11764705882352941,2.0,0.18181818181818182,0.0,0.0,1.0,0.029411764705882353,1.0,0.09090909090909091,0.0,0.0,0.0,0.0,0.0,0.0,0.0,0.0,8.0,0.23529411764705882,0.0,0.0,0.0,0.0,0.0,0.0,0.0,0.0,0.0,0.0
NM_001303496,SAMD9L,34.0,11.0,0.0,4.0,0.11764705882352941,2.0,0.18181818181818182,0.0,0.0,1.0,0.029411764705882353,1.0,0.09090909090909091,0.0,0.0,0.0,0.0,0.0,0.0,0.0,0.0,8.0,0.23529411764705882,0.0,0.0,0.0,0.0,0.0,0.0,0.0,0.0,0.0,0.0
NM_001317,CSH1,127.0,41.0,8.0,5.0,0.03937007874015748,2.0,0.04878048780487805,0.0,0.0,25.0,0.1968503937007874,15.0,0.36585365853658536,3.0,0.375,24.0,0.1889763779527559,15.0,0.36585365853658536,4.0,0.5,6.0,0.047244094488188976,0.0,0.0,0.0,0.0,15.0,0.11811023622047244,12.0,0.2926829268292683,1.0,0.125
NM_002273,KRT8,90.0,29.0,6.0,0.0,0.0,0.0,0.0,0.0,0.0,18.0,0.2,8.0,0.27586206896551724,2.0,0.3333333333333333,48.0,0.5333333333333333,24.0,0.8275862068965517,4.0,0.6666666666666666,1.0,0.011111111111111112,0.0,0.0,0.0,0.0,2.0,0.022222222222222223,0.0,0.0,0.0,0.0
NM_020379,MAN1C1,66.0,21.0,11.0,3.0,0.045454545454545456,1.0,0.047619047619047616,0.0,0.0,20.0,0.30303030303030304,10.0,0.47619047619047616,6.0,0.5454545454545454,7.0,0.10606060606060606,5.0,0.23809523809523808,4.0,0.36363636363636365,1.0,0.015151515151515152,0.0,0.0,0.0,0.0,11.0,0.16666666666666666,5.0,0.23809523809523808,4.0,0.36363636363636365
NM_001289010,MAN1C1,66.0,21.0,11.0,3.0,0.045454545454545456,1.0,0.047619047619047616,0.0,0.0,20.0,0.30303030303030304,10.0,0.47619047619047616,6.0,0.5454545454545454,7.0,0.10606060606060606,5.0,0.23809523809523808,4.0,0.36363636363636365,1.0,0.015151515151515152,0.0,0.0,0.0,0.0,11.0,0.16666666666666666,5.0,0.23809523809523808,4.0,0.36363636363636365
NM_002272,KRT4,85.0,27.0,4.0,0.0,0.0,0.0,0.0,0.0,0.0,21.0,0.24705882352941178,10.0,0.37037037037037035,3.0,0.75,47.0,0.5529411764705883,22.0,0.8148148148148148,2.0,0.5,0.0,0.0,0.0,0.0,0.0,0.0,2.0,0.023529411764705882,0.0,0.0,0.0,0.0
NR_015448,DLX6-AS1,133.0,42.0,7.0,7.0,0.05263157894736842,4.0,0.09523809523809523,2.0,0.2857142857142857,8.0,0.06015037593984962,2.0,0.047619047619047616,0.0,0.0,5.0,0.03759398496240601,1.0,0.023809523809523808,1.0,0.14285714285714285,3.0,0.022556390977443608,0.0,0.0,0.0,0.0,1.0,0.007518796992481203,0.0,0.0,0.0,0.0
NM_032827,ATOH8,57.0,18.0,9.0,4.0,0.07017543859649122,1.0,0.05555555555555555,1.0,0.1111111111111111,5.0,0.08771929824561403,4.0,0.2222222222222222,2.0,0.2222222222222222,1.0,0.017543859649122806,1.0,0.05555555555555555,0.0,0.0,1.0,0.017543859649122806,0.0,0.0,0.0,0.0,20.0,0.3508771929824561,13.0,0.7222222222222222,7.0,0.7777777777777778
NM_005222,DLX6,133.0,42.0,7.0,7.0,0.05263157894736842,4.0,0.09523809523809523,2.0,0.2857142857142857,8.0,0.06015037593984962,2.0,0.047619047619047616,0.0,0.0,5.0,0.03759398496240601,1.0,0.023809523809523808,1.0,0.14285714285714285,3.0,0.022556390977443608,0.0,0.0,0.0,0.0,1.0,0.007518796992481203,0.0,0.0,0.0,0.0
NM_001080451,SERPINA11,35.0,11.0,6.0,1.0,0.02857142857142857,1.0,0.09090909090909091,0.0,0.0,14.0,0.4,5.0,0.45454545454545453,2.0,0.3333333333333333,11.0,0.3142857142857143,7.0,0.6363636363636364,4.0,0.6666666666666666,0.0,0.0,0.0,0.0,0.0,0.0,8.0,0.22857142857142856,4.0,0.36363636363636365,2.0,0.3333333333333333
NM_001099403,PRDM8,86.0,27.0,3.0,24.0,0.27906976744186046,15.0,0.5555555555555556,3.0,1.0,4.0,0.046511627906976744,1.0,0.037037037037037035,0.0,0.0,2.0,0.023255813953488372,0.0,0.0,0.0,0.0,2.0,0.023255813953488372,0.0,0.0,0.0,0.0,0.0,0.0,0.0,0.0,0.0,0.0
NM_031961,KRTAP9-2,51.0,16.0,0.0,9.0,0.17647058823529413,4.0,0.25,0.0,0.0,8.0,0.1568627450980392,1.0,0.0625,0.0,0.0,0.0,0.0,0.0,0.0,0.0,0.0,0.0,0.0,0.0,0.0,0.0,0.0,0.0,0.0,0.0,0.0,0.0,0.0
NM_001015045,FAM13A,16.0,5.0,5.0,5.0,0.3125,3.0,0.6,3.0,0.6,0.0,0.0,0.0,0.0,0.0,0.0,3.0,0.1875,2.0,0.4,2.0,0.4,0.0,0.0,0.0,0.0,0.0,0.0,0.0,0.0,0.0,0.0,0.0,0.0
NR_036254,MIR4291,16.0,5.0,1.0,3.0,0.1875,2.0,0.4,1.0,1.0,1.0,0.0625,0.0,0.0,0.0,0.0,5.0,0.3125,4.0,0.8,0.0,0.0,0.0,0.0,0.0,0.0,0.0,0.0,5.0,0.3125,3.0,0.6,0.0,0.0
NM_001265579,FAM13A,16.0,5.0,5.0,5.0,0.3125,3.0,0.6,3.0,0.6,0.0,0.0,0.0,0.0,0.0,0.0,3.0,0.1875,2.0,0.4,2.0,0.4,0.0,0.0,0.0,0.0,0.0,0.0,0.0,0.0,0.0,0.0,0.0,0.0
NM_001265578,FAM13A,16.0,5.0,5.0,5.0,0.3125,3.0,0.6,3.0,0.6,0.0,0.0,0.0,0.0,0.0,0.0,3.0,0.1875,2.0,0.4,2.0,0.4,0.0,0.0,0.0,0.0,0.0,0.0,0.0,0.0,0.0,0.0,0.0,0.0
NM_001265580,FAM13A,16.0,5.0,5.0,5.0,0.3125,3.0,0.6,3.0,0.6,0.0,0.0,0.0,0.0,0.0,0.0,3.0,0.1875,2.0,0.4,2.0,0.4,0.0,0.0,0.0,0.0,0.0,0.0,0.0,0.0,0.0,0.0,0.0,0.0
NM_022557,GH2,123.0,38.0,5.0,5.0,0.04065040650406504,2.0,0.05263157894736842,0.0,0.0,23.0,0.18699186991869918,14.0,0.3684210526315789,2.0,0.4,22.0,0.17886178861788618,13.0,0.34210526315789475,2.0,0.4,6.0,0.04878048780487805,0.0,0.0,0.0,0.0,14.0,0.11382113821138211,11.0,0.2894736842105263,0.0,0.0
NM_022558,GH2,123.0,38.0,5.0,5.0,0.04065040650406504,2.0,0.05263157894736842,0.0,0.0,23.0,0.18699186991869918,14.0,0.3684210526315789,2.0,0.4,22.0,0.17886178861788618,13.0,0.34210526315789475,2.0,0.4,6.0,0.04878048780487805,0.0,0.0,0.0,0.0,14.0,0.11382113821138211,11.0,0.2894736842105263,0.0,0.0
NM_022556,GH2,123.0,38.0,5.0,5.0,0.04065040650406504,2.0,0.05263157894736842,0.0,0.0,23.0,0.18699186991869918,14.0,0.3684210526315789,2.0,0.4,22.0,0.17886178861788618,13.0,0.34210526315789475,2.0,0.4,6.0,0.04878048780487805,0.0,0.0,0.0,0.0,14.0,0.11382113821138211,11.0,0.2894736842105263,0.0,0.0
NM_002059,GH2,123.0,38.0,5.0,5.0,0.04065040650406504,2.0,0.05263157894736842,0.0,0.0,23.0,0.18699186991869918,14.0,0.3684210526315789,2.0,0.4,22.0,0.17886178861788618,13.0,0.34210526315789475,2.0,0.4,6.0,0.04878048780487805,0.0,0.0,0.0,0.0,14.0,0.11382113821138211,11.0,0.2894736842105263,0.0,0.0
NM_031962,KRTAP9-3,52.0,16.0,0.0,9.0,0.17307692307692307,4.0,0.25,0.0,0.0,8.0,0.15384615384615385,1.0,0.0625,0.0,0.0,0.0,0.0,0.0,0.0,0.0,0.0,0.0,0.0,0.0,0.0,0.0,0.0,0.0,0.0,0.0,0.0,0.0,0.0
NM_031963,KRTAP9-8,52.0,16.0,0.0,9.0,0.17307692307692307,4.0,0.25,0.0,0.0,8.0,0.15384615384615385,1.0,0.0625,0.0,0.0,0.0,0.0,0.0,0.0,0.0,0.0,0.0,0.0,0.0,0.0,0.0,0.0,0.0,0.0,0.0,0.0,0.0,0.0
NM_020226,PRDM8,85.0,26.0,3.0,24.0,0.2823529411764706,15.0,0.5769230769230769,3.0,1.0,4.0,0.047058823529411764,1.0,0.038461538461538464,0.0,0.0,2.0,0.023529411764705882,0.0,0.0,0.0,0.0,2.0,0.023529411764705882,0.0,0.0,0.0,0.0,0.0,0.0,0.0,0.0,0.0,0.0
NM_021013,KRT34,85.0,26.0,1.0,7.0,0.08235294117647059,4.0,0.15384615384615385,1.0,1.0,26.0,0.3058823529411765,9.0,0.34615384615384615,0.0,0.0,0.0,0.0,0.0,0.0,0.0,0.0,2.0,0.023529411764705882,0.0,0.0,0.0,0.0,0.0,0.0,0.0,0.0,0.0,0.0
NM_022336,EDAR,36.0,11.0,1.0,25.0,0.6944444444444444,8.0,0.7272727272727273,1.0,1.0,1.0,0.027777777777777776,0.0,0.0,0.0,0.0,5.0,0.1388888888888889,3.0,0.2727272727272727,0.0,0.0,0.0,0.0,0.0,0.0,0.0,0.0,0.0,0.0,0.0,0.0,0.0,0.0
NM_030975,KRTAP9-9,59.0,18.0,0.0,9.0,0.15254237288135594,4.0,0.2222222222222222,0.0,0.0,12.0,0.2033898305084746,2.0,0.1111111111111111,0.0,0.0,0.0,0.0,0.0,0.0,0.0,0.0,0.0,0.0,0.0,0.0,0.0,0.0,0.0,0.0,0.0,0.0,0.0,0.0
NR_110372,LINC01169,59.0,18.0,6.0,4.0,0.06779661016949153,1.0,0.05555555555555555,1.0,0.16666666666666666,5.0,0.0847457627118644,2.0,0.1111111111111111,0.0,0.0,9.0,0.15254237288135594,5.0,0.2777777777777778,2.0,0.3333333333333333,1.0,0.01694915254237288,0.0,0.0,0.0,0.0,14.0,0.23728813559322035,9.0,0.5,4.0,0.6666666666666666
NM_001278562,LCTL,59.0,18.0,6.0,4.0,0.06779661016949153,1.0,0.05555555555555555,1.0,0.16666666666666666,5.0,0.0847457627118644,2.0,0.1111111111111111,0.0,0.0,7.0,0.11864406779661017,5.0,0.2777777777777778,2.0,0.3333333333333333,1.0,0.01694915254237288,0.0,0.0,0.0,0.0,14.0,0.23728813559322035,9.0,0.5,4.0,0.6666666666666666
NM_207338,LCTL,59.0,18.0,6.0,4.0,0.06779661016949153,1.0,0.05555555555555555,1.0,0.16666666666666666,5.0,0.0847457627118644,2.0,0.1111111111111111,0.0,0.0,7.0,0.11864406779661017,5.0,0.2777777777777778,2.0,0.3333333333333333,1.0,0.01694915254237288,0.0,0.0,0.0,0.0,14.0,0.23728813559322035,9.0,0.5,4.0,0.6666666666666666
NR_103739,LCTL,59.0,18.0,6.0,4.0,0.06779661016949153,1.0,0.05555555555555555,1.0,0.16666666666666666,5.0,0.0847457627118644,2.0,0.1111111111111111,0.0,0.0,7.0,0.11864406779661017,5.0,0.2777777777777778,2.0,0.3333333333333333,1.0,0.01694915254237288,0.0,0.0,0.0,0.0,14.0,0.23728813559322035,9.0,0.5,4.0,0.6666666666666666
NM_001277332,KRTAP9-7,56.0,17.0,0.0,11.0,0.19642857142857142,6.0,0.35294117647058826,0.0,0.0,15.0,0.26785714285714285,4.0,0.23529411764705882,0.0,0.0,0.0,0.0,0.0,0.0,0.0,0.0,0.0,0.0,0.0,0.0,0.0,0.0,0.0,0.0,0.0,0.0,0.0,0.0
NM_005902,SMAD3,66.0,20.0,12.0,6.0,0.09090909090909091,0.0,0.0,0.0,0.0,7.0,0.10606060606060606,6.0,0.3,3.0,0.25,12.0,0.18181818181818182,6.0,0.3,5.0,0.4166666666666667,2.0,0.030303030303030304,0.0,0.0,0.0,0.0,26.0,0.3939393939393939,12.0,0.6,8.0,0.6666666666666666
NM_001164829,C1orf210,96.0,29.0,14.0,4.0,0.041666666666666664,1.0,0.034482758620689655,1.0,0.07142857142857142,25.0,0.2604166666666667,15.0,0.5172413793103449,7.0,0.5,31.0,0.3229166666666667,25.0,0.8620689655172413,11.0,0.7857142857142857,4.0,0.041666666666666664,0.0,0.0,0.0,0.0,3.0,0.03125,3.0,0.10344827586206896,1.0,0.07142857142857142
NM_182517,C1orf210,96.0,29.0,14.0,4.0,0.041666666666666664,1.0,0.034482758620689655,1.0,0.07142857142857142,25.0,0.2604166666666667,15.0,0.5172413793103449,7.0,0.5,31.0,0.3229166666666667,25.0,0.8620689655172413,11.0,0.7857142857142857,4.0,0.041666666666666664,0.0,0.0,0.0,0.0,3.0,0.03125,3.0,0.10344827586206896,1.0,0.07142857142857142
